USE [EcartDb2]
GO
/****** Object:  Table [Customer].[Customers]    Script Date: 2/4/2022 6:11:05 PM ******/
SET ANSI_NULLS ON
GO
SET QUOTED_IDENTIFIER ON
GO
CREATE TABLE [Customer].[Customers](
	[CustomerId] [int] IDENTITY(1,1) NOT NULL,
	[FirstName] [varchar](256) NOT NULL,
	[LastName] [varchar](256) NOT NULL,
	[Email] [varchar](256) NOT NULL,
	[Phone] [varchar](256) NOT NULL,
	[BillingAddressLine1] [varchar](256) NOT NULL,
	[BillingAddressLine2] [varchar](256) NULL,
	[BillingCity] [varchar](256) NOT NULL,
	[BillingState] [varchar](256) NOT NULL,
	[BillingCountry] [varchar](256) NOT NULL,
	[BillingZipCode] [varchar](256) NOT NULL,
	[ShippingAddressLine1] [varchar](256) NOT NULL,
	[ShippingAddressLine2] [varchar](256) NULL,
	[ShippingCity] [varchar](256) NOT NULL,
	[ShippingState] [varchar](256) NOT NULL,
	[ShippingCountry] [varchar](256) NOT NULL,
	[ShippingZipCode] [varchar](256) NOT NULL,
 CONSTRAINT [PK_Customers] PRIMARY KEY CLUSTERED 
(
	[CustomerId] ASC
)WITH (PAD_INDEX = OFF, STATISTICS_NORECOMPUTE = OFF, IGNORE_DUP_KEY = OFF, ALLOW_ROW_LOCKS = ON, ALLOW_PAGE_LOCKS = ON, OPTIMIZE_FOR_SEQUENTIAL_KEY = OFF) ON [PRIMARY]
) ON [PRIMARY]
GO
/****** Object:  Table [Master].[Categories]    Script Date: 2/4/2022 6:11:05 PM ******/
SET ANSI_NULLS ON
GO
SET QUOTED_IDENTIFIER ON
GO
CREATE TABLE [Master].[Categories](
	[CategoryId] [int] IDENTITY(1,1) NOT NULL,
	[CategoryCode] [varchar](50) NOT NULL,
	[CategoryName] [varchar](150) NOT NULL,
 CONSTRAINT [PK_Categories] PRIMARY KEY CLUSTERED 
(
	[CategoryId] ASC
)WITH (PAD_INDEX = OFF, STATISTICS_NORECOMPUTE = OFF, IGNORE_DUP_KEY = OFF, ALLOW_ROW_LOCKS = ON, ALLOW_PAGE_LOCKS = ON, OPTIMIZE_FOR_SEQUENTIAL_KEY = OFF) ON [PRIMARY]
) ON [PRIMARY]
GO
/****** Object:  Table [Master].[Items]    Script Date: 2/4/2022 6:11:05 PM ******/
SET ANSI_NULLS ON
GO
SET QUOTED_IDENTIFIER ON
GO
CREATE TABLE [Master].[Items](
	[ItemId] [uniqueidentifier] NOT NULL,
	[CategoryId] [int] NOT NULL,
	[CustomerId] [int] NOT NULL,
	[ItemCode] [nvarchar](50) NOT NULL,
	[ItemName] [nvarchar](250) NOT NULL,
	[Description] [nvarchar](250) NOT NULL,
	[ImagePath] [nvarchar](550) NOT NULL,
	[ItemPrice] [decimal](18, 2) NOT NULL,
	[MaxQty] [int] NOT NULL,
 CONSTRAINT [PK_Items] PRIMARY KEY CLUSTERED 
(
	[ItemId] ASC
)WITH (PAD_INDEX = OFF, STATISTICS_NORECOMPUTE = OFF, IGNORE_DUP_KEY = OFF, ALLOW_ROW_LOCKS = ON, ALLOW_PAGE_LOCKS = ON, OPTIMIZE_FOR_SEQUENTIAL_KEY = OFF) ON [PRIMARY]
) ON [PRIMARY]
GO
/****** Object:  Table [Order].[OrderDetails]    Script Date: 2/4/2022 6:11:05 PM ******/
SET ANSI_NULLS ON
GO
SET QUOTED_IDENTIFIER ON
GO
CREATE TABLE [Order].[OrderDetails](
	[OrderDetailId] [int] IDENTITY(1,1) NOT NULL,
	[OrderId] [int] NOT NULL,
	[ItemId] [varchar](50) NOT NULL,
	[UnitPrice] [decimal](18, 2) NOT NULL,
	[Quantity] [decimal](18, 2) NOT NULL,
	[Total] [decimal](18, 2) NOT NULL,
	[SubTotal] [decimal](18, 2) NOT NULL,
	[GrandTotal] [decimal](18, 2) NOT NULL,
	[Tax] [decimal](18, 2) NOT NULL,
 CONSTRAINT [PK_OrderDetails] PRIMARY KEY CLUSTERED 
(
	[OrderDetailId] ASC
)WITH (PAD_INDEX = OFF, STATISTICS_NORECOMPUTE = OFF, IGNORE_DUP_KEY = OFF, ALLOW_ROW_LOCKS = ON, ALLOW_PAGE_LOCKS = ON, OPTIMIZE_FOR_SEQUENTIAL_KEY = OFF) ON [PRIMARY]
) ON [PRIMARY]
GO
/****** Object:  Table [Order].[Orders]    Script Date: 2/4/2022 6:11:05 PM ******/
SET ANSI_NULLS ON
GO
SET QUOTED_IDENTIFIER ON
GO
CREATE TABLE [Order].[Orders](
	[OrderId] [int] IDENTITY(1,1) NOT NULL,
	[OrderDate] [datetime] NOT NULL,
	[OrderNumber] [varchar](50) NOT NULL,
 CONSTRAINT [PK_Orders] PRIMARY KEY CLUSTERED 
(
	[OrderId] ASC
)WITH (PAD_INDEX = OFF, STATISTICS_NORECOMPUTE = OFF, IGNORE_DUP_KEY = OFF, ALLOW_ROW_LOCKS = ON, ALLOW_PAGE_LOCKS = ON, OPTIMIZE_FOR_SEQUENTIAL_KEY = OFF) ON [PRIMARY]
) ON [PRIMARY]
GO
SET IDENTITY_INSERT [Customer].[Customers] ON 

INSERT [Customer].[Customers] ([CustomerId], [FirstName], [LastName], [Email], [Phone], [BillingAddressLine1], [BillingAddressLine2], [BillingCity], [BillingState], [BillingCountry], [BillingZipCode], [ShippingAddressLine1], [ShippingAddressLine2], [ShippingCity], [ShippingState], [ShippingCountry], [ShippingZipCode]) VALUES (1, N'abhishek', N'munigety', N'abhishekmunigety@gmail.com', N'9449234687', N'tasildhar compound ', N'opposite ncc office contonment', N'bellary', N'karnataka', N'India', N'583104', N'tasildar compound', N'Opposite Ncc Office', N'bellary', N'Karnataka', N'India', N'583014')
INSERT [Customer].[Customers] ([CustomerId], [FirstName], [LastName], [Email], [Phone], [BillingAddressLine1], [BillingAddressLine2], [BillingCity], [BillingState], [BillingCountry], [BillingZipCode], [ShippingAddressLine1], [ShippingAddressLine2], [ShippingCity], [ShippingState], [ShippingCountry], [ShippingZipCode]) VALUES (2, N'abhishek', N'munigety', N'abhishekmunigety@gmail.com', N'09449234687', N'tasildhar compound', N'opposite ncc office contonment', N'bellary', N'karnataka', N'India', N'583104', N'tasildhar compound', N'opposite ncc office contonment', N'bellary', N'karnataka', N'India', N'583104')
INSERT [Customer].[Customers] ([CustomerId], [FirstName], [LastName], [Email], [Phone], [BillingAddressLine1], [BillingAddressLine2], [BillingCity], [BillingState], [BillingCountry], [BillingZipCode], [ShippingAddressLine1], [ShippingAddressLine2], [ShippingCity], [ShippingState], [ShippingCountry], [ShippingZipCode]) VALUES (3, N'rajesh', N'singh', N'Princey@gmail.com', N'09449234687', N'compound', N' contonment', N'bellary', N'karnataka', N'India', N'583104', N'tasildhar compound', N'opposite ncc office contonment', N'bellary', N'karnataka', N'India', N'583104')
INSERT [Customer].[Customers] ([CustomerId], [FirstName], [LastName], [Email], [Phone], [BillingAddressLine1], [BillingAddressLine2], [BillingCity], [BillingState], [BillingCountry], [BillingZipCode], [ShippingAddressLine1], [ShippingAddressLine2], [ShippingCity], [ShippingState], [ShippingCountry], [ShippingZipCode]) VALUES (4, N'ananth', N'munigety', N'abhishekmunigety@gmail.com', N'9632438001', N'tasildhar compound', N'opposite ncc office contonment', N'bellary', N'karnataka', N'India', N'583104', N'tasildhar compound', N'opposite ncc office contonment', N'bellary', N'karnataka', N'India', N'583104')
INSERT [Customer].[Customers] ([CustomerId], [FirstName], [LastName], [Email], [Phone], [BillingAddressLine1], [BillingAddressLine2], [BillingCity], [BillingState], [BillingCountry], [BillingZipCode], [ShippingAddressLine1], [ShippingAddressLine2], [ShippingCity], [ShippingState], [ShippingCountry], [ShippingZipCode]) VALUES (5, N'Ravi', N'Teja', N'abhishekmunigety@gmail.com', N'9632438001', N'tasildhar compound', N'opposite ncc office contonment', N'bellary', N'karnataka', N'India', N'583104', N'tasildhar compound', N'opposite ncc office contonment', N'bellary', N'karnataka', N'India', N'583104')
INSERT [Customer].[Customers] ([CustomerId], [FirstName], [LastName], [Email], [Phone], [BillingAddressLine1], [BillingAddressLine2], [BillingCity], [BillingState], [BillingCountry], [BillingZipCode], [ShippingAddressLine1], [ShippingAddressLine2], [ShippingCity], [ShippingState], [ShippingCountry], [ShippingZipCode]) VALUES (6, N'abhishek', N'munigety', N'abhishekmunigety@gmail.com', N'09449234687', N'tasildhar compound', N'opposite ncc office contonment', N'bellary', N'karnataka', N'India', N'583104', N'tasildhar compound', N'opposite ncc office contonment', N'bellary', N'karnataka', N'India', N'583104')
INSERT [Customer].[Customers] ([CustomerId], [FirstName], [LastName], [Email], [Phone], [BillingAddressLine1], [BillingAddressLine2], [BillingCity], [BillingState], [BillingCountry], [BillingZipCode], [ShippingAddressLine1], [ShippingAddressLine2], [ShippingCity], [ShippingState], [ShippingCountry], [ShippingZipCode]) VALUES (7, N'abhishek', N'munigety', N'abhishekmunigety@gmail.com', N'09449234687', N'tasildhar compound', N'opposite ncc office contonment', N'bellary', N'karnataka', N'India', N'583104', N'tasildhar compound', N'opposite ncc office contonment', N'bellary', N'karnataka', N'India', N'583104')
INSERT [Customer].[Customers] ([CustomerId], [FirstName], [LastName], [Email], [Phone], [BillingAddressLine1], [BillingAddressLine2], [BillingCity], [BillingState], [BillingCountry], [BillingZipCode], [ShippingAddressLine1], [ShippingAddressLine2], [ShippingCity], [ShippingState], [ShippingCountry], [ShippingZipCode]) VALUES (8, N'Raghav', N'BT', N'abhishekmunigety@gmail.com', N'9345678932', N'hubli nagar', N'ganganagar', N'kopal', N'karnataka', N'India', N'583104', N'hubli nagar', N'ganganagar', N'kopal', N'karnataka', N'India', N'583104')
INSERT [Customer].[Customers] ([CustomerId], [FirstName], [LastName], [Email], [Phone], [BillingAddressLine1], [BillingAddressLine2], [BillingCity], [BillingState], [BillingCountry], [BillingZipCode], [ShippingAddressLine1], [ShippingAddressLine2], [ShippingCity], [ShippingState], [ShippingCountry], [ShippingZipCode]) VALUES (9, N'abhishek', N'munigety', N'abhishekmunigety@gmail.com', N'09449234687', N'tasildhar compound', N'opposite ncc office contonment', N'bellary', N'karnataka', N'India', N'583104', N'tasildhar compound', N'opposite ncc office contonment', N'bellary', N'karnataka', N'India', N'583104')
INSERT [Customer].[Customers] ([CustomerId], [FirstName], [LastName], [Email], [Phone], [BillingAddressLine1], [BillingAddressLine2], [BillingCity], [BillingState], [BillingCountry], [BillingZipCode], [ShippingAddressLine1], [ShippingAddressLine2], [ShippingCity], [ShippingState], [ShippingCountry], [ShippingZipCode]) VALUES (10, N'abhishek', N'munigety', N'abhishekmunigety@gmail.com', N'09449234687', N'tasildhar compound', N'opposite ncc office contonment', N'bellary', N'karnataka', N'India', N'583104', N'tasildhar compound', N'opposite ncc office contonment', N'bellary', N'karnataka', N'India', N'583104')
INSERT [Customer].[Customers] ([CustomerId], [FirstName], [LastName], [Email], [Phone], [BillingAddressLine1], [BillingAddressLine2], [BillingCity], [BillingState], [BillingCountry], [BillingZipCode], [ShippingAddressLine1], [ShippingAddressLine2], [ShippingCity], [ShippingState], [ShippingCountry], [ShippingZipCode]) VALUES (11, N'abhishek', N'munigety', N'abhishekmunigety@gmail.com', N'09449234687', N'tasildhar compound', N'opposite ncc office contonment', N'bellary', N'karnataka', N'India', N'583104', N'tasildhar compound', N'opposite ncc office contonment', N'bellary', N'karnataka', N'India', N'583104')
INSERT [Customer].[Customers] ([CustomerId], [FirstName], [LastName], [Email], [Phone], [BillingAddressLine1], [BillingAddressLine2], [BillingCity], [BillingState], [BillingCountry], [BillingZipCode], [ShippingAddressLine1], [ShippingAddressLine2], [ShippingCity], [ShippingState], [ShippingCountry], [ShippingZipCode]) VALUES (12, N'ayush', N'munigety', N'abhishekmunigety@gmail.com', N'09449234687', N'tasildhar compound', N'opposite ncc office contonment', N'bellary', N'karnataka', N'India', N'583104', N'tasildhar compound', N'opposite ncc office contonment', N'bellary', N'karnataka', N'India', N'583104')
INSERT [Customer].[Customers] ([CustomerId], [FirstName], [LastName], [Email], [Phone], [BillingAddressLine1], [BillingAddressLine2], [BillingCity], [BillingState], [BillingCountry], [BillingZipCode], [ShippingAddressLine1], [ShippingAddressLine2], [ShippingCity], [ShippingState], [ShippingCountry], [ShippingZipCode]) VALUES (13, N'abhishek', N'munigety', N'abhishekmunigety@gmail.com', N'09449234687', N'tasildhar compound', N'opposite ncc office contonment', N'bellary', N'karnataka', N'India', N'583104', N'tasildhar compound', N'opposite ncc office contonment', N'bellary', N'karnataka', N'India', N'583104')
INSERT [Customer].[Customers] ([CustomerId], [FirstName], [LastName], [Email], [Phone], [BillingAddressLine1], [BillingAddressLine2], [BillingCity], [BillingState], [BillingCountry], [BillingZipCode], [ShippingAddressLine1], [ShippingAddressLine2], [ShippingCity], [ShippingState], [ShippingCountry], [ShippingZipCode]) VALUES (14, N'afghhjvch', N'munigety', N'abhishekmunigety@gmail.com', N'09449234687', N'tasildhar compound', N'opposite ncc office contonment', N'bellary', N'karnataka', N'India', N'583104', N'tasildhar compound', N'opposite ncc office contonment', N'bellary', N'karnataka', N'India', N'583104')
INSERT [Customer].[Customers] ([CustomerId], [FirstName], [LastName], [Email], [Phone], [BillingAddressLine1], [BillingAddressLine2], [BillingCity], [BillingState], [BillingCountry], [BillingZipCode], [ShippingAddressLine1], [ShippingAddressLine2], [ShippingCity], [ShippingState], [ShippingCountry], [ShippingZipCode]) VALUES (15, N'abhishek', N'munigety', N'abhishekmunigety@gmail.com', N'09449234687', N'tasildhar compound', N'opposite ncc office contonment', N'bellary', N'karnataka', N'India', N'583104', N'tasildhar compound', N'opposite ncc office contonment', N'bellary', N'karnataka', N'India', N'583104')
INSERT [Customer].[Customers] ([CustomerId], [FirstName], [LastName], [Email], [Phone], [BillingAddressLine1], [BillingAddressLine2], [BillingCity], [BillingState], [BillingCountry], [BillingZipCode], [ShippingAddressLine1], [ShippingAddressLine2], [ShippingCity], [ShippingState], [ShippingCountry], [ShippingZipCode]) VALUES (16, N'abhishek', N'munigety', N'abhishekmunigety@gmail.com', N'09449234687', N'tasildhar compound', N'opposite ncc office contonment', N'bellary', N'karnataka', N'India', N'583104', N'tasildhar compound', N'opposite ncc office contonment', N'bellary', N'karnataka', N'India', N'583104')
INSERT [Customer].[Customers] ([CustomerId], [FirstName], [LastName], [Email], [Phone], [BillingAddressLine1], [BillingAddressLine2], [BillingCity], [BillingState], [BillingCountry], [BillingZipCode], [ShippingAddressLine1], [ShippingAddressLine2], [ShippingCity], [ShippingState], [ShippingCountry], [ShippingZipCode]) VALUES (17, N'abhishek', N'munigety', N'abhishekmunigety@gmail.com', N'09449234687', N'tasildhar compound', N'opposite ncc office contonment', N'bellary', N'karnataka', N'India', N'583104', N'tasildhar compound', N'opposite ncc office contonment', N'bellary', N'karnataka', N'India', N'583104')
INSERT [Customer].[Customers] ([CustomerId], [FirstName], [LastName], [Email], [Phone], [BillingAddressLine1], [BillingAddressLine2], [BillingCity], [BillingState], [BillingCountry], [BillingZipCode], [ShippingAddressLine1], [ShippingAddressLine2], [ShippingCity], [ShippingState], [ShippingCountry], [ShippingZipCode]) VALUES (18, N'abhishek', N'munigety', N'abhishekmunigety@gmail.com', N'09449234687', N'tasildhar compound', N'opposite ncc office contonment', N'bellary', N'karnataka', N'India', N'583104', N'tasildhar compound', N'opposite ncc office contonment', N'bellary', N'karnataka', N'India', N'583104')
INSERT [Customer].[Customers] ([CustomerId], [FirstName], [LastName], [Email], [Phone], [BillingAddressLine1], [BillingAddressLine2], [BillingCity], [BillingState], [BillingCountry], [BillingZipCode], [ShippingAddressLine1], [ShippingAddressLine2], [ShippingCity], [ShippingState], [ShippingCountry], [ShippingZipCode]) VALUES (19, N'abhishek', N'munigety', N'abhishekmunigety@gmail.com', N'09449234687', N'tasildhar compound', N'opposite ncc office contonment', N'bellary', N'karnataka', N'India', N'583104', N'tasildhar compound', N'opposite ncc office contonment', N'bellary', N'karnataka', N'India', N'583104')
INSERT [Customer].[Customers] ([CustomerId], [FirstName], [LastName], [Email], [Phone], [BillingAddressLine1], [BillingAddressLine2], [BillingCity], [BillingState], [BillingCountry], [BillingZipCode], [ShippingAddressLine1], [ShippingAddressLine2], [ShippingCity], [ShippingState], [ShippingCountry], [ShippingZipCode]) VALUES (20, N'abhishek', N'munigety', N'abhishekmunigety@gmail.com', N'09449234687', N'tasildhar compound', N'opposite ncc office contonment', N'bellary', N'karnataka', N'India', N'583104', N'tasildhar compound', N'opposite ncc office contonment', N'bellary', N'karnataka', N'India', N'583104')
INSERT [Customer].[Customers] ([CustomerId], [FirstName], [LastName], [Email], [Phone], [BillingAddressLine1], [BillingAddressLine2], [BillingCity], [BillingState], [BillingCountry], [BillingZipCode], [ShippingAddressLine1], [ShippingAddressLine2], [ShippingCity], [ShippingState], [ShippingCountry], [ShippingZipCode]) VALUES (21, N'abhishek', N'munigety', N'abhishekmunigety@gmail.com', N'09449234687', N'tasildhar compound', N'opposite ncc office contonment', N'bellary', N'karnataka', N'India', N'583104', N'tasildhar compound', N'opposite ncc office contonment', N'bellary', N'karnataka', N'India', N'583104')
INSERT [Customer].[Customers] ([CustomerId], [FirstName], [LastName], [Email], [Phone], [BillingAddressLine1], [BillingAddressLine2], [BillingCity], [BillingState], [BillingCountry], [BillingZipCode], [ShippingAddressLine1], [ShippingAddressLine2], [ShippingCity], [ShippingState], [ShippingCountry], [ShippingZipCode]) VALUES (22, N'abg', N'munigety', N'abhishekmunigety@gmail.com', N'09449234687', N'tasildhar compound', N'opposite ncc office contonment', N'bellary', N'karnataka', N'India', N'583104', N'tasildhar compound', N'opposite ncc office contonment', N'bellary', N'karnataka', N'India', N'583104')
INSERT [Customer].[Customers] ([CustomerId], [FirstName], [LastName], [Email], [Phone], [BillingAddressLine1], [BillingAddressLine2], [BillingCity], [BillingState], [BillingCountry], [BillingZipCode], [ShippingAddressLine1], [ShippingAddressLine2], [ShippingCity], [ShippingState], [ShippingCountry], [ShippingZipCode]) VALUES (23, N'aaaaaaaaaaaaaa', N'munigety', N'abhishekmunigety@gmail.com', N'09449234687', N'tasildhar compound', N'opposite ncc office contonment', N'bellary', N'karnataka', N'India', N'583104', N'tasildhar compound', N'opposite ncc office contonment', N'bellary', N'karnataka', N'India', N'583104')
INSERT [Customer].[Customers] ([CustomerId], [FirstName], [LastName], [Email], [Phone], [BillingAddressLine1], [BillingAddressLine2], [BillingCity], [BillingState], [BillingCountry], [BillingZipCode], [ShippingAddressLine1], [ShippingAddressLine2], [ShippingCity], [ShippingState], [ShippingCountry], [ShippingZipCode]) VALUES (24, N'abhishek', N'munigety', N'abhishekmunigety@gmail.com', N'09449234687', N'tasildhar compound', N'opposite ncc office contonment', N'bellary', N'karnataka', N'India', N'583104', N'tasildhar compound', N'opposite ncc office contonment', N'bellary', N'karnataka', N'India', N'583104')
INSERT [Customer].[Customers] ([CustomerId], [FirstName], [LastName], [Email], [Phone], [BillingAddressLine1], [BillingAddressLine2], [BillingCity], [BillingState], [BillingCountry], [BillingZipCode], [ShippingAddressLine1], [ShippingAddressLine2], [ShippingCity], [ShippingState], [ShippingCountry], [ShippingZipCode]) VALUES (25, N'abhishek', N'munigety', N'abhishekmunigety@gmail.com', N'09449234687', N'tasildhar compound', N'opposite ncc office contonment', N'bellary', N'karnataka', N'India', N'583104', N'tasildhar compound', N'opposite ncc office contonment', N'bellary', N'karnataka', N'India', N'583104')
INSERT [Customer].[Customers] ([CustomerId], [FirstName], [LastName], [Email], [Phone], [BillingAddressLine1], [BillingAddressLine2], [BillingCity], [BillingState], [BillingCountry], [BillingZipCode], [ShippingAddressLine1], [ShippingAddressLine2], [ShippingCity], [ShippingState], [ShippingCountry], [ShippingZipCode]) VALUES (26, N'abhishek', N'munigety', N'abhishekmunigety@gmail.com', N'09449234687', N'tasildhar compound', N'opposite ncc office contonment', N'bellary', N'karnataka', N'India', N'583104', N'tasildhar compound', N'opposite ncc office contonment', N'bellary', N'karnataka', N'India', N'583104')
INSERT [Customer].[Customers] ([CustomerId], [FirstName], [LastName], [Email], [Phone], [BillingAddressLine1], [BillingAddressLine2], [BillingCity], [BillingState], [BillingCountry], [BillingZipCode], [ShippingAddressLine1], [ShippingAddressLine2], [ShippingCity], [ShippingState], [ShippingCountry], [ShippingZipCode]) VALUES (27, N'abhishek', N'munigety', N'abhishekmunigety@gmail.com', N'09449234687', N'tasildhar compound', N'opposite ncc office contonment', N'bellary', N'karnataka', N'India', N'583104', N'tasildhar compound', N'opposite ncc office contonment', N'bellary', N'karnataka', N'India', N'583104')
INSERT [Customer].[Customers] ([CustomerId], [FirstName], [LastName], [Email], [Phone], [BillingAddressLine1], [BillingAddressLine2], [BillingCity], [BillingState], [BillingCountry], [BillingZipCode], [ShippingAddressLine1], [ShippingAddressLine2], [ShippingCity], [ShippingState], [ShippingCountry], [ShippingZipCode]) VALUES (28, N'abhishek', N'munigety', N'abhishekmunigety@gmail.com', N'09449234687', N'tasildhar compound', N'opposite ncc office contonment', N'bellary', N'karnataka', N'India', N'583104', N'tasildhar compound', N'opposite ncc office contonment', N'bellary', N'karnataka', N'India', N'583104')
INSERT [Customer].[Customers] ([CustomerId], [FirstName], [LastName], [Email], [Phone], [BillingAddressLine1], [BillingAddressLine2], [BillingCity], [BillingState], [BillingCountry], [BillingZipCode], [ShippingAddressLine1], [ShippingAddressLine2], [ShippingCity], [ShippingState], [ShippingCountry], [ShippingZipCode]) VALUES (29, N'abhishek', N'munigety', N'abhishekmunigety@gmail.com', N'09449234687', N'tasildhar compound', N'opposite ncc office contonment', N'bellary', N'karnataka', N'India', N'583104', N'tasildhar compound', N'opposite ncc office contonment', N'bellary', N'karnataka', N'India', N'583104')
INSERT [Customer].[Customers] ([CustomerId], [FirstName], [LastName], [Email], [Phone], [BillingAddressLine1], [BillingAddressLine2], [BillingCity], [BillingState], [BillingCountry], [BillingZipCode], [ShippingAddressLine1], [ShippingAddressLine2], [ShippingCity], [ShippingState], [ShippingCountry], [ShippingZipCode]) VALUES (30, N'abhishek', N'munigety', N'abhishekmunigety@gmail.com', N'09449234687', N'tasildhar compound', N'opposite ncc office contonment', N'bellary', N'karnataka', N'India', N'583104', N'tasildhar compound', N'opposite ncc office contonment', N'bellary', N'karnataka', N'India', N'583104')
INSERT [Customer].[Customers] ([CustomerId], [FirstName], [LastName], [Email], [Phone], [BillingAddressLine1], [BillingAddressLine2], [BillingCity], [BillingState], [BillingCountry], [BillingZipCode], [ShippingAddressLine1], [ShippingAddressLine2], [ShippingCity], [ShippingState], [ShippingCountry], [ShippingZipCode]) VALUES (31, N'abhishek', N'munigety', N'abhishekmunigety@gmail.com', N'09449234687', N'tasildhar compound', N'opposite ncc office contonment', N'bellary', N'karnataka', N'India', N'583104', N'tasildhar compound', N'opposite ncc office contonment', N'bellary', N'karnataka', N'India', N'583104')
INSERT [Customer].[Customers] ([CustomerId], [FirstName], [LastName], [Email], [Phone], [BillingAddressLine1], [BillingAddressLine2], [BillingCity], [BillingState], [BillingCountry], [BillingZipCode], [ShippingAddressLine1], [ShippingAddressLine2], [ShippingCity], [ShippingState], [ShippingCountry], [ShippingZipCode]) VALUES (32, N'abhishek', N'munigety', N'abhishekmunigety@gmail.com', N'09449234687', N'tasildhar compound', N'opposite ncc office contonment', N'bellary', N'karnataka', N'India', N'583104', N'tasildhar compound', N'opposite ncc office contonment', N'bellary', N'karnataka', N'India', N'583104')
INSERT [Customer].[Customers] ([CustomerId], [FirstName], [LastName], [Email], [Phone], [BillingAddressLine1], [BillingAddressLine2], [BillingCity], [BillingState], [BillingCountry], [BillingZipCode], [ShippingAddressLine1], [ShippingAddressLine2], [ShippingCity], [ShippingState], [ShippingCountry], [ShippingZipCode]) VALUES (33, N'abhishek', N'munigety', N'abhishekmunigety@gmail.com', N'09449234687', N'tasildhar compound', N'opposite ncc office contonment', N'bellary', N'karnataka', N'India', N'583104', N'tasildhar compound', N'opposite ncc office contonment', N'bellary', N'karnataka', N'India', N'583104')
INSERT [Customer].[Customers] ([CustomerId], [FirstName], [LastName], [Email], [Phone], [BillingAddressLine1], [BillingAddressLine2], [BillingCity], [BillingState], [BillingCountry], [BillingZipCode], [ShippingAddressLine1], [ShippingAddressLine2], [ShippingCity], [ShippingState], [ShippingCountry], [ShippingZipCode]) VALUES (34, N'abhishek', N'munigety', N'abhishekmunigety@gmail.com', N'09449234687', N'tasildhar compound', N'opposite ncc office contonment', N'bellary', N'karnataka', N'India', N'583104', N'tasildhar compound', N'opposite ncc office contonment', N'bellary', N'karnataka', N'India', N'583104')
INSERT [Customer].[Customers] ([CustomerId], [FirstName], [LastName], [Email], [Phone], [BillingAddressLine1], [BillingAddressLine2], [BillingCity], [BillingState], [BillingCountry], [BillingZipCode], [ShippingAddressLine1], [ShippingAddressLine2], [ShippingCity], [ShippingState], [ShippingCountry], [ShippingZipCode]) VALUES (35, N'abhishek', N'munigety', N'abhishekmunigety@gmail.com', N'09449234687', N'tasildhar compound', N'opposite ncc office contonment', N'bellary', N'karnataka', N'India', N'583104', N'tasildhar compound', N'opposite ncc office contonment', N'bellary', N'karnataka', N'India', N'583104')
INSERT [Customer].[Customers] ([CustomerId], [FirstName], [LastName], [Email], [Phone], [BillingAddressLine1], [BillingAddressLine2], [BillingCity], [BillingState], [BillingCountry], [BillingZipCode], [ShippingAddressLine1], [ShippingAddressLine2], [ShippingCity], [ShippingState], [ShippingCountry], [ShippingZipCode]) VALUES (36, N'abhishek', N'munigety', N'abhishekmunigety@gmail.com', N'09449234687', N'tasildhar compound', N'opposite ncc office contonment', N'bellary', N'karnataka', N'India', N'583104', N'tasildhar compound', N'opposite ncc office contonment', N'bellary', N'karnataka', N'India', N'583104')
INSERT [Customer].[Customers] ([CustomerId], [FirstName], [LastName], [Email], [Phone], [BillingAddressLine1], [BillingAddressLine2], [BillingCity], [BillingState], [BillingCountry], [BillingZipCode], [ShippingAddressLine1], [ShippingAddressLine2], [ShippingCity], [ShippingState], [ShippingCountry], [ShippingZipCode]) VALUES (37, N'abhishek', N'munigety', N'abhishekmunigety@gmail.com', N'09449234687', N'tasildhar compound', N'opposite ncc office contonment', N'bellary', N'karnataka', N'India', N'583104', N'tasildhar compound', N'opposite ncc office contonment', N'bellary', N'karnataka', N'India', N'583104')
INSERT [Customer].[Customers] ([CustomerId], [FirstName], [LastName], [Email], [Phone], [BillingAddressLine1], [BillingAddressLine2], [BillingCity], [BillingState], [BillingCountry], [BillingZipCode], [ShippingAddressLine1], [ShippingAddressLine2], [ShippingCity], [ShippingState], [ShippingCountry], [ShippingZipCode]) VALUES (38, N'abhishek', N'munigety', N'abhishekmunigety@gmail.com', N'09449234687', N'tasildhar compound', N'opposite ncc office contonment', N'bellary', N'karnataka', N'India', N'583104', N'tasildhar compound', N'opposite ncc office contonment', N'bellary', N'karnataka', N'India', N'583104')
INSERT [Customer].[Customers] ([CustomerId], [FirstName], [LastName], [Email], [Phone], [BillingAddressLine1], [BillingAddressLine2], [BillingCity], [BillingState], [BillingCountry], [BillingZipCode], [ShippingAddressLine1], [ShippingAddressLine2], [ShippingCity], [ShippingState], [ShippingCountry], [ShippingZipCode]) VALUES (39, N'abhishek', N'munigety', N'abhishekmunigety@gmail.com', N'09449234687', N'tasildhar compound', N'opposite ncc office contonment', N'bellary', N'karnataka', N'India', N'583104', N'tasildhar compound', N'opposite ncc office contonment', N'bellary', N'karnataka', N'India', N'583104')
INSERT [Customer].[Customers] ([CustomerId], [FirstName], [LastName], [Email], [Phone], [BillingAddressLine1], [BillingAddressLine2], [BillingCity], [BillingState], [BillingCountry], [BillingZipCode], [ShippingAddressLine1], [ShippingAddressLine2], [ShippingCity], [ShippingState], [ShippingCountry], [ShippingZipCode]) VALUES (40, N'abhishek', N'munigety', N'abhishekmunigety@gmail.com', N'09449234687', N'tasildhar compound', N'opposite ncc office contonment', N'bellary', N'karnataka', N'India', N'583104', N'tasildhar compound', N'opposite ncc office contonment', N'bellary', N'karnataka', N'India', N'583104')
INSERT [Customer].[Customers] ([CustomerId], [FirstName], [LastName], [Email], [Phone], [BillingAddressLine1], [BillingAddressLine2], [BillingCity], [BillingState], [BillingCountry], [BillingZipCode], [ShippingAddressLine1], [ShippingAddressLine2], [ShippingCity], [ShippingState], [ShippingCountry], [ShippingZipCode]) VALUES (41, N'abhishek', N'munigety', N'abhishekmunigety@gmail.com', N'09449234687', N'tasildhar compound', N'opposite ncc office contonment', N'bellary', N'karnataka', N'India', N'583104', N'tasildhar compound', N'opposite ncc office contonment', N'bellary', N'karnataka', N'India', N'583104')
INSERT [Customer].[Customers] ([CustomerId], [FirstName], [LastName], [Email], [Phone], [BillingAddressLine1], [BillingAddressLine2], [BillingCity], [BillingState], [BillingCountry], [BillingZipCode], [ShippingAddressLine1], [ShippingAddressLine2], [ShippingCity], [ShippingState], [ShippingCountry], [ShippingZipCode]) VALUES (42, N'mohammad', N'munigety', N'mdjunaidbagalkote@gmail.com', N'09449234687', N'tasildhar compound', N'opposite ncc office contonment', N'bellary', N'karnataka', N'India', N'583104', N'tasildhar compound', N'opposite ncc office contonment', N'bellary', N'karnataka', N'India', N'583104')
SET IDENTITY_INSERT [Customer].[Customers] OFF
GO
SET IDENTITY_INSERT [Master].[Categories] ON 

INSERT [Master].[Categories] ([CategoryId], [CategoryCode], [CategoryName]) VALUES (1, N'Mobile', N'Iphone11')
INSERT [Master].[Categories] ([CategoryId], [CategoryCode], [CategoryName]) VALUES (2, N'Mobile', N'Iphone12')
INSERT [Master].[Categories] ([CategoryId], [CategoryCode], [CategoryName]) VALUES (3, N'Mobile', N'Iphone13')
INSERT [Master].[Categories] ([CategoryId], [CategoryCode], [CategoryName]) VALUES (4, N'watch', N'Apple watch 7')
INSERT [Master].[Categories] ([CategoryId], [CategoryCode], [CategoryName]) VALUES (5, N'Ipad', N'Ipad Pro')
INSERT [Master].[Categories] ([CategoryId], [CategoryCode], [CategoryName]) VALUES (6, N'Airpods', N'Apple AirPod Pro')
SET IDENTITY_INSERT [Master].[Categories] OFF
GO
INSERT [Master].[Items] ([ItemId], [CategoryId], [CustomerId], [ItemCode], [ItemName], [Description], [ImagePath], [ItemPrice], [MaxQty]) VALUES (N'0350b2d6-6348-403c-ae8a-33b39ea6a1dc', 5, 0, N'Abc075', N'Ipad Pro', N'The iPad Pro is Apple''s high-end tablet computer. The latest iPad Pro models feature a powerful M1 chip', N'~/Images/03201f61-bab6-43bf-bf85-16c7449535b0.jfif', CAST(98000.00 AS Decimal(18, 2)), 10)
INSERT [Master].[Items] ([ItemId], [CategoryId], [CustomerId], [ItemCode], [ItemName], [Description], [ImagePath], [ItemPrice], [MaxQty]) VALUES (N'08649a32-6051-47ab-8b9a-4d458f3f5a6e', 1, 0, N'Abc123', N'Iphone11', N'the iPhone 11 is between the 5.4-inch "mini" iPhone models like the iPhone 13 mini', N'~/Images/f4ee1d5f-9df9-41be-a452-a3c992790b4a.jfif', CAST(49000.00 AS Decimal(18, 2)), 10)
INSERT [Master].[Items] ([ItemId], [CategoryId], [CustomerId], [ItemCode], [ItemName], [Description], [ImagePath], [ItemPrice], [MaxQty]) VALUES (N'ac994b35-624a-4ecb-9a67-4f1613e9908d', 3, 0, N'Abc054', N'Iphone13', N'iPhone 13 with Ceramic Shield. Tougher than any smartphone glass. Buy now. Our most advanced dual-camera', N'~/Images/41fb37f3-168a-4843-9859-85c46538295f.jfif', CAST(78000.00 AS Decimal(18, 2)), 10)
INSERT [Master].[Items] ([ItemId], [CategoryId], [CustomerId], [ItemCode], [ItemName], [Description], [ImagePath], [ItemPrice], [MaxQty]) VALUES (N'f14aa79d-faf5-47bb-bc55-77fca364efba', 6, 0, N'Abc345', N'Apple AirPods', N'Custom high-excursion Apple driver', N'~/Images/fa7f527e-029f-435f-9bcd-cc16e4d78c11.jfif', CAST(24000.00 AS Decimal(18, 2)), 10)
INSERT [Master].[Items] ([ItemId], [CategoryId], [CustomerId], [ItemCode], [ItemName], [Description], [ImagePath], [ItemPrice], [MaxQty]) VALUES (N'eb2d35c0-ac47-41d3-a88e-99767b687ad3', 2, 0, N'Abc027', N'Iphone12', N'The iPhone 12 features a 6.1-inch (15 cm) display with Super Retina XDR OLED technology', N'~/Images/9fc4a473-211a-4f7b-a85f-246a9d10d162.jfif', CAST(60000.00 AS Decimal(18, 2)), 10)
INSERT [Master].[Items] ([ItemId], [CategoryId], [CustomerId], [ItemCode], [ItemName], [Description], [ImagePath], [ItemPrice], [MaxQty]) VALUES (N'8c4ef9d9-11b5-44d7-a4f8-bc35912fccbf', 4, 0, N'Abc090', N'AppleWatch7', N'Most crack-resistant front crystal; Certified IP6X dust resistant', N'~/Images/dc487432-cf49-44e1-8279-eaacf83c6ef2.jfif', CAST(44900.00 AS Decimal(18, 2)), 10)
GO
SET IDENTITY_INSERT [Order].[OrderDetails] ON 

INSERT [Order].[OrderDetails] ([OrderDetailId], [OrderId], [ItemId], [UnitPrice], [Quantity], [Total], [SubTotal], [GrandTotal], [Tax]) VALUES (1, 1, N'47055acf-bc48-458f-ae50-17731678437d', CAST(78000.00 AS Decimal(18, 2)), CAST(1.00 AS Decimal(18, 2)), CAST(78000.00 AS Decimal(18, 2)), CAST(0.00 AS Decimal(18, 2)), CAST(0.00 AS Decimal(18, 2)), CAST(0.00 AS Decimal(18, 2)))
INSERT [Order].[OrderDetails] ([OrderDetailId], [OrderId], [ItemId], [UnitPrice], [Quantity], [Total], [SubTotal], [GrandTotal], [Tax]) VALUES (2, 1, N'd9ba6677-efa9-45de-9b86-3ce0ec007fb7', CAST(49000.00 AS Decimal(18, 2)), CAST(2.00 AS Decimal(18, 2)), CAST(98000.00 AS Decimal(18, 2)), CAST(0.00 AS Decimal(18, 2)), CAST(0.00 AS Decimal(18, 2)), CAST(0.00 AS Decimal(18, 2)))
INSERT [Order].[OrderDetails] ([OrderDetailId], [OrderId], [ItemId], [UnitPrice], [Quantity], [Total], [SubTotal], [GrandTotal], [Tax]) VALUES (3, 1, N'577aa79e-b9c7-4523-a8ad-e9264a83033a', CAST(60000.00 AS Decimal(18, 2)), CAST(1.00 AS Decimal(18, 2)), CAST(60000.00 AS Decimal(18, 2)), CAST(0.00 AS Decimal(18, 2)), CAST(0.00 AS Decimal(18, 2)), CAST(0.00 AS Decimal(18, 2)))
INSERT [Order].[OrderDetails] ([OrderDetailId], [OrderId], [ItemId], [UnitPrice], [Quantity], [Total], [SubTotal], [GrandTotal], [Tax]) VALUES (4, 2, N'47055acf-bc48-458f-ae50-17731678437d', CAST(78000.00 AS Decimal(18, 2)), CAST(5.00 AS Decimal(18, 2)), CAST(390000.00 AS Decimal(18, 2)), CAST(1092000.00 AS Decimal(18, 2)), CAST(1201200.00 AS Decimal(18, 2)), CAST(109200.00 AS Decimal(18, 2)))
INSERT [Order].[OrderDetails] ([OrderDetailId], [OrderId], [ItemId], [UnitPrice], [Quantity], [Total], [SubTotal], [GrandTotal], [Tax]) VALUES (5, 2, N'd9ba6677-efa9-45de-9b86-3ce0ec007fb7', CAST(49000.00 AS Decimal(18, 2)), CAST(3.00 AS Decimal(18, 2)), CAST(147000.00 AS Decimal(18, 2)), CAST(245000.00 AS Decimal(18, 2)), CAST(269500.00 AS Decimal(18, 2)), CAST(24500.00 AS Decimal(18, 2)))
INSERT [Order].[OrderDetails] ([OrderDetailId], [OrderId], [ItemId], [UnitPrice], [Quantity], [Total], [SubTotal], [GrandTotal], [Tax]) VALUES (6, 2, N'577aa79e-b9c7-4523-a8ad-e9264a83033a', CAST(60000.00 AS Decimal(18, 2)), CAST(5.00 AS Decimal(18, 2)), CAST(300000.00 AS Decimal(18, 2)), CAST(840000.00 AS Decimal(18, 2)), CAST(924000.00 AS Decimal(18, 2)), CAST(84000.00 AS Decimal(18, 2)))
INSERT [Order].[OrderDetails] ([OrderDetailId], [OrderId], [ItemId], [UnitPrice], [Quantity], [Total], [SubTotal], [GrandTotal], [Tax]) VALUES (7, 3, N'd9ba6677-efa9-45de-9b86-3ce0ec007fb7', CAST(49000.00 AS Decimal(18, 2)), CAST(1.00 AS Decimal(18, 2)), CAST(49000.00 AS Decimal(18, 2)), CAST(0.00 AS Decimal(18, 2)), CAST(0.00 AS Decimal(18, 2)), CAST(0.00 AS Decimal(18, 2)))
INSERT [Order].[OrderDetails] ([OrderDetailId], [OrderId], [ItemId], [UnitPrice], [Quantity], [Total], [SubTotal], [GrandTotal], [Tax]) VALUES (8, 3, N'47055acf-bc48-458f-ae50-17731678437d', CAST(78000.00 AS Decimal(18, 2)), CAST(1.00 AS Decimal(18, 2)), CAST(78000.00 AS Decimal(18, 2)), CAST(0.00 AS Decimal(18, 2)), CAST(0.00 AS Decimal(18, 2)), CAST(0.00 AS Decimal(18, 2)))
INSERT [Order].[OrderDetails] ([OrderDetailId], [OrderId], [ItemId], [UnitPrice], [Quantity], [Total], [SubTotal], [GrandTotal], [Tax]) VALUES (9, 3, N'577aa79e-b9c7-4523-a8ad-e9264a83033a', CAST(60000.00 AS Decimal(18, 2)), CAST(1.00 AS Decimal(18, 2)), CAST(60000.00 AS Decimal(18, 2)), CAST(0.00 AS Decimal(18, 2)), CAST(0.00 AS Decimal(18, 2)), CAST(0.00 AS Decimal(18, 2)))
INSERT [Order].[OrderDetails] ([OrderDetailId], [OrderId], [ItemId], [UnitPrice], [Quantity], [Total], [SubTotal], [GrandTotal], [Tax]) VALUES (10, 4, N'0350b2d6-6348-403c-ae8a-33b39ea6a1dc', CAST(98000.00 AS Decimal(18, 2)), CAST(1.00 AS Decimal(18, 2)), CAST(98000.00 AS Decimal(18, 2)), CAST(0.00 AS Decimal(18, 2)), CAST(0.00 AS Decimal(18, 2)), CAST(0.00 AS Decimal(18, 2)))
INSERT [Order].[OrderDetails] ([OrderDetailId], [OrderId], [ItemId], [UnitPrice], [Quantity], [Total], [SubTotal], [GrandTotal], [Tax]) VALUES (11, 4, N'eb2d35c0-ac47-41d3-a88e-99767b687ad3', CAST(60000.00 AS Decimal(18, 2)), CAST(1.00 AS Decimal(18, 2)), CAST(60000.00 AS Decimal(18, 2)), CAST(0.00 AS Decimal(18, 2)), CAST(0.00 AS Decimal(18, 2)), CAST(0.00 AS Decimal(18, 2)))
INSERT [Order].[OrderDetails] ([OrderDetailId], [OrderId], [ItemId], [UnitPrice], [Quantity], [Total], [SubTotal], [GrandTotal], [Tax]) VALUES (12, 5, N'0350b2d6-6348-403c-ae8a-33b39ea6a1dc', CAST(98000.00 AS Decimal(18, 2)), CAST(1.00 AS Decimal(18, 2)), CAST(98000.00 AS Decimal(18, 2)), CAST(0.00 AS Decimal(18, 2)), CAST(0.00 AS Decimal(18, 2)), CAST(0.00 AS Decimal(18, 2)))
INSERT [Order].[OrderDetails] ([OrderDetailId], [OrderId], [ItemId], [UnitPrice], [Quantity], [Total], [SubTotal], [GrandTotal], [Tax]) VALUES (13, 5, N'ac994b35-624a-4ecb-9a67-4f1613e9908d', CAST(78000.00 AS Decimal(18, 2)), CAST(1.00 AS Decimal(18, 2)), CAST(78000.00 AS Decimal(18, 2)), CAST(0.00 AS Decimal(18, 2)), CAST(0.00 AS Decimal(18, 2)), CAST(0.00 AS Decimal(18, 2)))
INSERT [Order].[OrderDetails] ([OrderDetailId], [OrderId], [ItemId], [UnitPrice], [Quantity], [Total], [SubTotal], [GrandTotal], [Tax]) VALUES (14, 6, N'0350b2d6-6348-403c-ae8a-33b39ea6a1dc', CAST(98000.00 AS Decimal(18, 2)), CAST(4.00 AS Decimal(18, 2)), CAST(392000.00 AS Decimal(18, 2)), CAST(882000.00 AS Decimal(18, 2)), CAST(970200.00 AS Decimal(18, 2)), CAST(88200.00 AS Decimal(18, 2)))
INSERT [Order].[OrderDetails] ([OrderDetailId], [OrderId], [ItemId], [UnitPrice], [Quantity], [Total], [SubTotal], [GrandTotal], [Tax]) VALUES (15, 6, N'ac994b35-624a-4ecb-9a67-4f1613e9908d', CAST(78000.00 AS Decimal(18, 2)), CAST(4.00 AS Decimal(18, 2)), CAST(312000.00 AS Decimal(18, 2)), CAST(702000.00 AS Decimal(18, 2)), CAST(772200.00 AS Decimal(18, 2)), CAST(70200.00 AS Decimal(18, 2)))
INSERT [Order].[OrderDetails] ([OrderDetailId], [OrderId], [ItemId], [UnitPrice], [Quantity], [Total], [SubTotal], [GrandTotal], [Tax]) VALUES (16, 6, N'f14aa79d-faf5-47bb-bc55-77fca364efba', CAST(24000.00 AS Decimal(18, 2)), CAST(4.00 AS Decimal(18, 2)), CAST(96000.00 AS Decimal(18, 2)), CAST(216000.00 AS Decimal(18, 2)), CAST(237600.00 AS Decimal(18, 2)), CAST(21600.00 AS Decimal(18, 2)))
INSERT [Order].[OrderDetails] ([OrderDetailId], [OrderId], [ItemId], [UnitPrice], [Quantity], [Total], [SubTotal], [GrandTotal], [Tax]) VALUES (17, 6, N'eb2d35c0-ac47-41d3-a88e-99767b687ad3', CAST(60000.00 AS Decimal(18, 2)), CAST(6.00 AS Decimal(18, 2)), CAST(360000.00 AS Decimal(18, 2)), CAST(1200000.00 AS Decimal(18, 2)), CAST(1320000.00 AS Decimal(18, 2)), CAST(120000.00 AS Decimal(18, 2)))
INSERT [Order].[OrderDetails] ([OrderDetailId], [OrderId], [ItemId], [UnitPrice], [Quantity], [Total], [SubTotal], [GrandTotal], [Tax]) VALUES (18, 7, N'0350b2d6-6348-403c-ae8a-33b39ea6a1dc', CAST(98000.00 AS Decimal(18, 2)), CAST(2.00 AS Decimal(18, 2)), CAST(196000.00 AS Decimal(18, 2)), CAST(196000.00 AS Decimal(18, 2)), CAST(215600.00 AS Decimal(18, 2)), CAST(19600.00 AS Decimal(18, 2)))
INSERT [Order].[OrderDetails] ([OrderDetailId], [OrderId], [ItemId], [UnitPrice], [Quantity], [Total], [SubTotal], [GrandTotal], [Tax]) VALUES (19, 7, N'08649a32-6051-47ab-8b9a-4d458f3f5a6e', CAST(49000.00 AS Decimal(18, 2)), CAST(4.00 AS Decimal(18, 2)), CAST(196000.00 AS Decimal(18, 2)), CAST(441000.00 AS Decimal(18, 2)), CAST(485100.00 AS Decimal(18, 2)), CAST(44100.00 AS Decimal(18, 2)))
INSERT [Order].[OrderDetails] ([OrderDetailId], [OrderId], [ItemId], [UnitPrice], [Quantity], [Total], [SubTotal], [GrandTotal], [Tax]) VALUES (20, 7, N'ac994b35-624a-4ecb-9a67-4f1613e9908d', CAST(78000.00 AS Decimal(18, 2)), CAST(3.00 AS Decimal(18, 2)), CAST(234000.00 AS Decimal(18, 2)), CAST(390000.00 AS Decimal(18, 2)), CAST(429000.00 AS Decimal(18, 2)), CAST(39000.00 AS Decimal(18, 2)))
INSERT [Order].[OrderDetails] ([OrderDetailId], [OrderId], [ItemId], [UnitPrice], [Quantity], [Total], [SubTotal], [GrandTotal], [Tax]) VALUES (21, 8, N'0350b2d6-6348-403c-ae8a-33b39ea6a1dc', CAST(98000.00 AS Decimal(18, 2)), CAST(1.00 AS Decimal(18, 2)), CAST(98000.00 AS Decimal(18, 2)), CAST(98000.00 AS Decimal(18, 2)), CAST(98000.00 AS Decimal(18, 2)), CAST(0.00 AS Decimal(18, 2)))
INSERT [Order].[OrderDetails] ([OrderDetailId], [OrderId], [ItemId], [UnitPrice], [Quantity], [Total], [SubTotal], [GrandTotal], [Tax]) VALUES (22, 8, N'08649a32-6051-47ab-8b9a-4d458f3f5a6e', CAST(49000.00 AS Decimal(18, 2)), CAST(1.00 AS Decimal(18, 2)), CAST(49000.00 AS Decimal(18, 2)), CAST(49000.00 AS Decimal(18, 2)), CAST(49000.00 AS Decimal(18, 2)), CAST(0.00 AS Decimal(18, 2)))
INSERT [Order].[OrderDetails] ([OrderDetailId], [OrderId], [ItemId], [UnitPrice], [Quantity], [Total], [SubTotal], [GrandTotal], [Tax]) VALUES (23, 10, N'0350b2d6-6348-403c-ae8a-33b39ea6a1dc', CAST(98000.00 AS Decimal(18, 2)), CAST(2.00 AS Decimal(18, 2)), CAST(196000.00 AS Decimal(18, 2)), CAST(294000.00 AS Decimal(18, 2)), CAST(323400.00 AS Decimal(18, 2)), CAST(29400.00 AS Decimal(18, 2)))
INSERT [Order].[OrderDetails] ([OrderDetailId], [OrderId], [ItemId], [UnitPrice], [Quantity], [Total], [SubTotal], [GrandTotal], [Tax]) VALUES (24, 10, N'08649a32-6051-47ab-8b9a-4d458f3f5a6e', CAST(49000.00 AS Decimal(18, 2)), CAST(2.00 AS Decimal(18, 2)), CAST(98000.00 AS Decimal(18, 2)), CAST(147000.00 AS Decimal(18, 2)), CAST(161700.00 AS Decimal(18, 2)), CAST(14700.00 AS Decimal(18, 2)))
INSERT [Order].[OrderDetails] ([OrderDetailId], [OrderId], [ItemId], [UnitPrice], [Quantity], [Total], [SubTotal], [GrandTotal], [Tax]) VALUES (25, 10, N'ac994b35-624a-4ecb-9a67-4f1613e9908d', CAST(78000.00 AS Decimal(18, 2)), CAST(2.00 AS Decimal(18, 2)), CAST(156000.00 AS Decimal(18, 2)), CAST(234000.00 AS Decimal(18, 2)), CAST(257400.00 AS Decimal(18, 2)), CAST(23400.00 AS Decimal(18, 2)))
INSERT [Order].[OrderDetails] ([OrderDetailId], [OrderId], [ItemId], [UnitPrice], [Quantity], [Total], [SubTotal], [GrandTotal], [Tax]) VALUES (26, 12, N'0350b2d6-6348-403c-ae8a-33b39ea6a1dc', CAST(98000.00 AS Decimal(18, 2)), CAST(1.00 AS Decimal(18, 2)), CAST(98000.00 AS Decimal(18, 2)), CAST(98000.00 AS Decimal(18, 2)), CAST(98000.00 AS Decimal(18, 2)), CAST(98000.00 AS Decimal(18, 2)))
INSERT [Order].[OrderDetails] ([OrderDetailId], [OrderId], [ItemId], [UnitPrice], [Quantity], [Total], [SubTotal], [GrandTotal], [Tax]) VALUES (27, 12, N'08649a32-6051-47ab-8b9a-4d458f3f5a6e', CAST(49000.00 AS Decimal(18, 2)), CAST(1.00 AS Decimal(18, 2)), CAST(49000.00 AS Decimal(18, 2)), CAST(49000.00 AS Decimal(18, 2)), CAST(49000.00 AS Decimal(18, 2)), CAST(49000.00 AS Decimal(18, 2)))
INSERT [Order].[OrderDetails] ([OrderDetailId], [OrderId], [ItemId], [UnitPrice], [Quantity], [Total], [SubTotal], [GrandTotal], [Tax]) VALUES (28, 13, N'0350b2d6-6348-403c-ae8a-33b39ea6a1dc', CAST(98000.00 AS Decimal(18, 2)), CAST(2.00 AS Decimal(18, 2)), CAST(196000.00 AS Decimal(18, 2)), CAST(294000.00 AS Decimal(18, 2)), CAST(323400.00 AS Decimal(18, 2)), CAST(29400.00 AS Decimal(18, 2)))
INSERT [Order].[OrderDetails] ([OrderDetailId], [OrderId], [ItemId], [UnitPrice], [Quantity], [Total], [SubTotal], [GrandTotal], [Tax]) VALUES (29, 13, N'08649a32-6051-47ab-8b9a-4d458f3f5a6e', CAST(49000.00 AS Decimal(18, 2)), CAST(2.00 AS Decimal(18, 2)), CAST(98000.00 AS Decimal(18, 2)), CAST(147000.00 AS Decimal(18, 2)), CAST(161700.00 AS Decimal(18, 2)), CAST(14700.00 AS Decimal(18, 2)))
INSERT [Order].[OrderDetails] ([OrderDetailId], [OrderId], [ItemId], [UnitPrice], [Quantity], [Total], [SubTotal], [GrandTotal], [Tax]) VALUES (30, 14, N'0350b2d6-6348-403c-ae8a-33b39ea6a1dc', CAST(98000.00 AS Decimal(18, 2)), CAST(2.00 AS Decimal(18, 2)), CAST(196000.00 AS Decimal(18, 2)), CAST(294000.00 AS Decimal(18, 2)), CAST(323400.00 AS Decimal(18, 2)), CAST(29400.00 AS Decimal(18, 2)))
INSERT [Order].[OrderDetails] ([OrderDetailId], [OrderId], [ItemId], [UnitPrice], [Quantity], [Total], [SubTotal], [GrandTotal], [Tax]) VALUES (31, 14, N'08649a32-6051-47ab-8b9a-4d458f3f5a6e', CAST(49000.00 AS Decimal(18, 2)), CAST(2.00 AS Decimal(18, 2)), CAST(98000.00 AS Decimal(18, 2)), CAST(147000.00 AS Decimal(18, 2)), CAST(161700.00 AS Decimal(18, 2)), CAST(14700.00 AS Decimal(18, 2)))
INSERT [Order].[OrderDetails] ([OrderDetailId], [OrderId], [ItemId], [UnitPrice], [Quantity], [Total], [SubTotal], [GrandTotal], [Tax]) VALUES (32, 15, N'0350b2d6-6348-403c-ae8a-33b39ea6a1dc', CAST(98000.00 AS Decimal(18, 2)), CAST(1.00 AS Decimal(18, 2)), CAST(98000.00 AS Decimal(18, 2)), CAST(98000.00 AS Decimal(18, 2)), CAST(98000.00 AS Decimal(18, 2)), CAST(98000.00 AS Decimal(18, 2)))
INSERT [Order].[OrderDetails] ([OrderDetailId], [OrderId], [ItemId], [UnitPrice], [Quantity], [Total], [SubTotal], [GrandTotal], [Tax]) VALUES (33, 15, N'08649a32-6051-47ab-8b9a-4d458f3f5a6e', CAST(49000.00 AS Decimal(18, 2)), CAST(3.00 AS Decimal(18, 2)), CAST(147000.00 AS Decimal(18, 2)), CAST(294000.00 AS Decimal(18, 2)), CAST(323400.00 AS Decimal(18, 2)), CAST(29400.00 AS Decimal(18, 2)))
INSERT [Order].[OrderDetails] ([OrderDetailId], [OrderId], [ItemId], [UnitPrice], [Quantity], [Total], [SubTotal], [GrandTotal], [Tax]) VALUES (34, 16, N'08649a32-6051-47ab-8b9a-4d458f3f5a6e', CAST(49000.00 AS Decimal(18, 2)), CAST(2.00 AS Decimal(18, 2)), CAST(98000.00 AS Decimal(18, 2)), CAST(147000.00 AS Decimal(18, 2)), CAST(161700.00 AS Decimal(18, 2)), CAST(14700.00 AS Decimal(18, 2)))
INSERT [Order].[OrderDetails] ([OrderDetailId], [OrderId], [ItemId], [UnitPrice], [Quantity], [Total], [SubTotal], [GrandTotal], [Tax]) VALUES (35, 16, N'0350b2d6-6348-403c-ae8a-33b39ea6a1dc', CAST(98000.00 AS Decimal(18, 2)), CAST(2.00 AS Decimal(18, 2)), CAST(196000.00 AS Decimal(18, 2)), CAST(294000.00 AS Decimal(18, 2)), CAST(323400.00 AS Decimal(18, 2)), CAST(29400.00 AS Decimal(18, 2)))
INSERT [Order].[OrderDetails] ([OrderDetailId], [OrderId], [ItemId], [UnitPrice], [Quantity], [Total], [SubTotal], [GrandTotal], [Tax]) VALUES (36, 17, N'08649a32-6051-47ab-8b9a-4d458f3f5a6e', CAST(49000.00 AS Decimal(18, 2)), CAST(1.00 AS Decimal(18, 2)), CAST(49000.00 AS Decimal(18, 2)), CAST(49000.00 AS Decimal(18, 2)), CAST(49000.00 AS Decimal(18, 2)), CAST(49000.00 AS Decimal(18, 2)))
INSERT [Order].[OrderDetails] ([OrderDetailId], [OrderId], [ItemId], [UnitPrice], [Quantity], [Total], [SubTotal], [GrandTotal], [Tax]) VALUES (37, 17, N'0350b2d6-6348-403c-ae8a-33b39ea6a1dc', CAST(98000.00 AS Decimal(18, 2)), CAST(1.00 AS Decimal(18, 2)), CAST(98000.00 AS Decimal(18, 2)), CAST(98000.00 AS Decimal(18, 2)), CAST(98000.00 AS Decimal(18, 2)), CAST(98000.00 AS Decimal(18, 2)))
INSERT [Order].[OrderDetails] ([OrderDetailId], [OrderId], [ItemId], [UnitPrice], [Quantity], [Total], [SubTotal], [GrandTotal], [Tax]) VALUES (38, 18, N'0350b2d6-6348-403c-ae8a-33b39ea6a1dc', CAST(98000.00 AS Decimal(18, 2)), CAST(2.00 AS Decimal(18, 2)), CAST(196000.00 AS Decimal(18, 2)), CAST(294000.00 AS Decimal(18, 2)), CAST(323400.00 AS Decimal(18, 2)), CAST(29400.00 AS Decimal(18, 2)))
INSERT [Order].[OrderDetails] ([OrderDetailId], [OrderId], [ItemId], [UnitPrice], [Quantity], [Total], [SubTotal], [GrandTotal], [Tax]) VALUES (39, 18, N'08649a32-6051-47ab-8b9a-4d458f3f5a6e', CAST(49000.00 AS Decimal(18, 2)), CAST(2.00 AS Decimal(18, 2)), CAST(98000.00 AS Decimal(18, 2)), CAST(147000.00 AS Decimal(18, 2)), CAST(161700.00 AS Decimal(18, 2)), CAST(14700.00 AS Decimal(18, 2)))
INSERT [Order].[OrderDetails] ([OrderDetailId], [OrderId], [ItemId], [UnitPrice], [Quantity], [Total], [SubTotal], [GrandTotal], [Tax]) VALUES (40, 19, N'08649a32-6051-47ab-8b9a-4d458f3f5a6e', CAST(49000.00 AS Decimal(18, 2)), CAST(2.00 AS Decimal(18, 2)), CAST(98000.00 AS Decimal(18, 2)), CAST(147000.00 AS Decimal(18, 2)), CAST(161700.00 AS Decimal(18, 2)), CAST(14700.00 AS Decimal(18, 2)))
INSERT [Order].[OrderDetails] ([OrderDetailId], [OrderId], [ItemId], [UnitPrice], [Quantity], [Total], [SubTotal], [GrandTotal], [Tax]) VALUES (41, 19, N'0350b2d6-6348-403c-ae8a-33b39ea6a1dc', CAST(98000.00 AS Decimal(18, 2)), CAST(2.00 AS Decimal(18, 2)), CAST(196000.00 AS Decimal(18, 2)), CAST(294000.00 AS Decimal(18, 2)), CAST(323400.00 AS Decimal(18, 2)), CAST(29400.00 AS Decimal(18, 2)))
INSERT [Order].[OrderDetails] ([OrderDetailId], [OrderId], [ItemId], [UnitPrice], [Quantity], [Total], [SubTotal], [GrandTotal], [Tax]) VALUES (42, 20, N'0350b2d6-6348-403c-ae8a-33b39ea6a1dc', CAST(98000.00 AS Decimal(18, 2)), CAST(2.00 AS Decimal(18, 2)), CAST(196000.00 AS Decimal(18, 2)), CAST(294000.00 AS Decimal(18, 2)), CAST(323400.00 AS Decimal(18, 2)), CAST(29400.00 AS Decimal(18, 2)))
INSERT [Order].[OrderDetails] ([OrderDetailId], [OrderId], [ItemId], [UnitPrice], [Quantity], [Total], [SubTotal], [GrandTotal], [Tax]) VALUES (43, 20, N'08649a32-6051-47ab-8b9a-4d458f3f5a6e', CAST(49000.00 AS Decimal(18, 2)), CAST(2.00 AS Decimal(18, 2)), CAST(98000.00 AS Decimal(18, 2)), CAST(147000.00 AS Decimal(18, 2)), CAST(161700.00 AS Decimal(18, 2)), CAST(14700.00 AS Decimal(18, 2)))
INSERT [Order].[OrderDetails] ([OrderDetailId], [OrderId], [ItemId], [UnitPrice], [Quantity], [Total], [SubTotal], [GrandTotal], [Tax]) VALUES (44, 21, N'0350b2d6-6348-403c-ae8a-33b39ea6a1dc', CAST(98000.00 AS Decimal(18, 2)), CAST(1.00 AS Decimal(18, 2)), CAST(98000.00 AS Decimal(18, 2)), CAST(98000.00 AS Decimal(18, 2)), CAST(98000.00 AS Decimal(18, 2)), CAST(98000.00 AS Decimal(18, 2)))
INSERT [Order].[OrderDetails] ([OrderDetailId], [OrderId], [ItemId], [UnitPrice], [Quantity], [Total], [SubTotal], [GrandTotal], [Tax]) VALUES (45, 21, N'08649a32-6051-47ab-8b9a-4d458f3f5a6e', CAST(49000.00 AS Decimal(18, 2)), CAST(4.00 AS Decimal(18, 2)), CAST(196000.00 AS Decimal(18, 2)), CAST(490000.00 AS Decimal(18, 2)), CAST(539000.00 AS Decimal(18, 2)), CAST(49000.00 AS Decimal(18, 2)))
INSERT [Order].[OrderDetails] ([OrderDetailId], [OrderId], [ItemId], [UnitPrice], [Quantity], [Total], [SubTotal], [GrandTotal], [Tax]) VALUES (46, 22, N'0350b2d6-6348-403c-ae8a-33b39ea6a1dc', CAST(98000.00 AS Decimal(18, 2)), CAST(1.00 AS Decimal(18, 2)), CAST(98000.00 AS Decimal(18, 2)), CAST(98000.00 AS Decimal(18, 2)), CAST(98000.00 AS Decimal(18, 2)), CAST(98000.00 AS Decimal(18, 2)))
INSERT [Order].[OrderDetails] ([OrderDetailId], [OrderId], [ItemId], [UnitPrice], [Quantity], [Total], [SubTotal], [GrandTotal], [Tax]) VALUES (47, 22, N'08649a32-6051-47ab-8b9a-4d458f3f5a6e', CAST(49000.00 AS Decimal(18, 2)), CAST(1.00 AS Decimal(18, 2)), CAST(49000.00 AS Decimal(18, 2)), CAST(49000.00 AS Decimal(18, 2)), CAST(49000.00 AS Decimal(18, 2)), CAST(49000.00 AS Decimal(18, 2)))
INSERT [Order].[OrderDetails] ([OrderDetailId], [OrderId], [ItemId], [UnitPrice], [Quantity], [Total], [SubTotal], [GrandTotal], [Tax]) VALUES (48, 23, N'08649a32-6051-47ab-8b9a-4d458f3f5a6e', CAST(49000.00 AS Decimal(18, 2)), CAST(1.00 AS Decimal(18, 2)), CAST(49000.00 AS Decimal(18, 2)), CAST(49000.00 AS Decimal(18, 2)), CAST(49000.00 AS Decimal(18, 2)), CAST(49000.00 AS Decimal(18, 2)))
INSERT [Order].[OrderDetails] ([OrderDetailId], [OrderId], [ItemId], [UnitPrice], [Quantity], [Total], [SubTotal], [GrandTotal], [Tax]) VALUES (49, 23, N'0350b2d6-6348-403c-ae8a-33b39ea6a1dc', CAST(98000.00 AS Decimal(18, 2)), CAST(1.00 AS Decimal(18, 2)), CAST(98000.00 AS Decimal(18, 2)), CAST(98000.00 AS Decimal(18, 2)), CAST(98000.00 AS Decimal(18, 2)), CAST(98000.00 AS Decimal(18, 2)))
INSERT [Order].[OrderDetails] ([OrderDetailId], [OrderId], [ItemId], [UnitPrice], [Quantity], [Total], [SubTotal], [GrandTotal], [Tax]) VALUES (50, 24, N'0350b2d6-6348-403c-ae8a-33b39ea6a1dc', CAST(98000.00 AS Decimal(18, 2)), CAST(2.00 AS Decimal(18, 2)), CAST(196000.00 AS Decimal(18, 2)), CAST(294000.00 AS Decimal(18, 2)), CAST(323400.00 AS Decimal(18, 2)), CAST(29400.00 AS Decimal(18, 2)))
INSERT [Order].[OrderDetails] ([OrderDetailId], [OrderId], [ItemId], [UnitPrice], [Quantity], [Total], [SubTotal], [GrandTotal], [Tax]) VALUES (51, 24, N'08649a32-6051-47ab-8b9a-4d458f3f5a6e', CAST(49000.00 AS Decimal(18, 2)), CAST(1.00 AS Decimal(18, 2)), CAST(49000.00 AS Decimal(18, 2)), CAST(49000.00 AS Decimal(18, 2)), CAST(49000.00 AS Decimal(18, 2)), CAST(49000.00 AS Decimal(18, 2)))
INSERT [Order].[OrderDetails] ([OrderDetailId], [OrderId], [ItemId], [UnitPrice], [Quantity], [Total], [SubTotal], [GrandTotal], [Tax]) VALUES (52, 24, N'ac994b35-624a-4ecb-9a67-4f1613e9908d', CAST(78000.00 AS Decimal(18, 2)), CAST(1.00 AS Decimal(18, 2)), CAST(78000.00 AS Decimal(18, 2)), CAST(78000.00 AS Decimal(18, 2)), CAST(78000.00 AS Decimal(18, 2)), CAST(78000.00 AS Decimal(18, 2)))
INSERT [Order].[OrderDetails] ([OrderDetailId], [OrderId], [ItemId], [UnitPrice], [Quantity], [Total], [SubTotal], [GrandTotal], [Tax]) VALUES (53, 25, N'0350b2d6-6348-403c-ae8a-33b39ea6a1dc', CAST(98000.00 AS Decimal(18, 2)), CAST(2.00 AS Decimal(18, 2)), CAST(196000.00 AS Decimal(18, 2)), CAST(294000.00 AS Decimal(18, 2)), CAST(323400.00 AS Decimal(18, 2)), CAST(29400.00 AS Decimal(18, 2)))
INSERT [Order].[OrderDetails] ([OrderDetailId], [OrderId], [ItemId], [UnitPrice], [Quantity], [Total], [SubTotal], [GrandTotal], [Tax]) VALUES (54, 25, N'08649a32-6051-47ab-8b9a-4d458f3f5a6e', CAST(49000.00 AS Decimal(18, 2)), CAST(2.00 AS Decimal(18, 2)), CAST(98000.00 AS Decimal(18, 2)), CAST(147000.00 AS Decimal(18, 2)), CAST(161700.00 AS Decimal(18, 2)), CAST(14700.00 AS Decimal(18, 2)))
INSERT [Order].[OrderDetails] ([OrderDetailId], [OrderId], [ItemId], [UnitPrice], [Quantity], [Total], [SubTotal], [GrandTotal], [Tax]) VALUES (55, 26, N'0350b2d6-6348-403c-ae8a-33b39ea6a1dc', CAST(98000.00 AS Decimal(18, 2)), CAST(2.00 AS Decimal(18, 2)), CAST(196000.00 AS Decimal(18, 2)), CAST(294000.00 AS Decimal(18, 2)), CAST(323400.00 AS Decimal(18, 2)), CAST(29400.00 AS Decimal(18, 2)))
INSERT [Order].[OrderDetails] ([OrderDetailId], [OrderId], [ItemId], [UnitPrice], [Quantity], [Total], [SubTotal], [GrandTotal], [Tax]) VALUES (56, 26, N'08649a32-6051-47ab-8b9a-4d458f3f5a6e', CAST(49000.00 AS Decimal(18, 2)), CAST(1.00 AS Decimal(18, 2)), CAST(49000.00 AS Decimal(18, 2)), CAST(49000.00 AS Decimal(18, 2)), CAST(49000.00 AS Decimal(18, 2)), CAST(49000.00 AS Decimal(18, 2)))
INSERT [Order].[OrderDetails] ([OrderDetailId], [OrderId], [ItemId], [UnitPrice], [Quantity], [Total], [SubTotal], [GrandTotal], [Tax]) VALUES (57, 26, N'ac994b35-624a-4ecb-9a67-4f1613e9908d', CAST(78000.00 AS Decimal(18, 2)), CAST(1.00 AS Decimal(18, 2)), CAST(78000.00 AS Decimal(18, 2)), CAST(78000.00 AS Decimal(18, 2)), CAST(78000.00 AS Decimal(18, 2)), CAST(78000.00 AS Decimal(18, 2)))
INSERT [Order].[OrderDetails] ([OrderDetailId], [OrderId], [ItemId], [UnitPrice], [Quantity], [Total], [SubTotal], [GrandTotal], [Tax]) VALUES (58, 26, N'f14aa79d-faf5-47bb-bc55-77fca364efba', CAST(24000.00 AS Decimal(18, 2)), CAST(1.00 AS Decimal(18, 2)), CAST(24000.00 AS Decimal(18, 2)), CAST(24000.00 AS Decimal(18, 2)), CAST(24000.00 AS Decimal(18, 2)), CAST(24000.00 AS Decimal(18, 2)))
INSERT [Order].[OrderDetails] ([OrderDetailId], [OrderId], [ItemId], [UnitPrice], [Quantity], [Total], [SubTotal], [GrandTotal], [Tax]) VALUES (59, 27, N'0350b2d6-6348-403c-ae8a-33b39ea6a1dc', CAST(98000.00 AS Decimal(18, 2)), CAST(3.00 AS Decimal(18, 2)), CAST(294000.00 AS Decimal(18, 2)), CAST(588000.00 AS Decimal(18, 2)), CAST(646800.00 AS Decimal(18, 2)), CAST(58800.00 AS Decimal(18, 2)))
INSERT [Order].[OrderDetails] ([OrderDetailId], [OrderId], [ItemId], [UnitPrice], [Quantity], [Total], [SubTotal], [GrandTotal], [Tax]) VALUES (60, 27, N'08649a32-6051-47ab-8b9a-4d458f3f5a6e', CAST(49000.00 AS Decimal(18, 2)), CAST(2.00 AS Decimal(18, 2)), CAST(98000.00 AS Decimal(18, 2)), CAST(147000.00 AS Decimal(18, 2)), CAST(161700.00 AS Decimal(18, 2)), CAST(14700.00 AS Decimal(18, 2)))
INSERT [Order].[OrderDetails] ([OrderDetailId], [OrderId], [ItemId], [UnitPrice], [Quantity], [Total], [SubTotal], [GrandTotal], [Tax]) VALUES (61, 30, N'0350b2d6-6348-403c-ae8a-33b39ea6a1dc', CAST(98000.00 AS Decimal(18, 2)), CAST(2.00 AS Decimal(18, 2)), CAST(196000.00 AS Decimal(18, 2)), CAST(294000.00 AS Decimal(18, 2)), CAST(323400.00 AS Decimal(18, 2)), CAST(29400.00 AS Decimal(18, 2)))
INSERT [Order].[OrderDetails] ([OrderDetailId], [OrderId], [ItemId], [UnitPrice], [Quantity], [Total], [SubTotal], [GrandTotal], [Tax]) VALUES (62, 30, N'08649a32-6051-47ab-8b9a-4d458f3f5a6e', CAST(49000.00 AS Decimal(18, 2)), CAST(2.00 AS Decimal(18, 2)), CAST(98000.00 AS Decimal(18, 2)), CAST(147000.00 AS Decimal(18, 2)), CAST(161700.00 AS Decimal(18, 2)), CAST(14700.00 AS Decimal(18, 2)))
INSERT [Order].[OrderDetails] ([OrderDetailId], [OrderId], [ItemId], [UnitPrice], [Quantity], [Total], [SubTotal], [GrandTotal], [Tax]) VALUES (63, 31, N'08649a32-6051-47ab-8b9a-4d458f3f5a6e', CAST(49000.00 AS Decimal(18, 2)), CAST(2.00 AS Decimal(18, 2)), CAST(98000.00 AS Decimal(18, 2)), CAST(147000.00 AS Decimal(18, 2)), CAST(161700.00 AS Decimal(18, 2)), CAST(14700.00 AS Decimal(18, 2)))
INSERT [Order].[OrderDetails] ([OrderDetailId], [OrderId], [ItemId], [UnitPrice], [Quantity], [Total], [SubTotal], [GrandTotal], [Tax]) VALUES (64, 31, N'0350b2d6-6348-403c-ae8a-33b39ea6a1dc', CAST(98000.00 AS Decimal(18, 2)), CAST(1.00 AS Decimal(18, 2)), CAST(98000.00 AS Decimal(18, 2)), CAST(98000.00 AS Decimal(18, 2)), CAST(98000.00 AS Decimal(18, 2)), CAST(98000.00 AS Decimal(18, 2)))
INSERT [Order].[OrderDetails] ([OrderDetailId], [OrderId], [ItemId], [UnitPrice], [Quantity], [Total], [SubTotal], [GrandTotal], [Tax]) VALUES (65, 32, N'0350b2d6-6348-403c-ae8a-33b39ea6a1dc', CAST(98000.00 AS Decimal(18, 2)), CAST(2.00 AS Decimal(18, 2)), CAST(196000.00 AS Decimal(18, 2)), CAST(294000.00 AS Decimal(18, 2)), CAST(323400.00 AS Decimal(18, 2)), CAST(29400.00 AS Decimal(18, 2)))
INSERT [Order].[OrderDetails] ([OrderDetailId], [OrderId], [ItemId], [UnitPrice], [Quantity], [Total], [SubTotal], [GrandTotal], [Tax]) VALUES (66, 32, N'08649a32-6051-47ab-8b9a-4d458f3f5a6e', CAST(49000.00 AS Decimal(18, 2)), CAST(2.00 AS Decimal(18, 2)), CAST(98000.00 AS Decimal(18, 2)), CAST(147000.00 AS Decimal(18, 2)), CAST(161700.00 AS Decimal(18, 2)), CAST(14700.00 AS Decimal(18, 2)))
INSERT [Order].[OrderDetails] ([OrderDetailId], [OrderId], [ItemId], [UnitPrice], [Quantity], [Total], [SubTotal], [GrandTotal], [Tax]) VALUES (67, 33, N'08649a32-6051-47ab-8b9a-4d458f3f5a6e', CAST(49000.00 AS Decimal(18, 2)), CAST(1.00 AS Decimal(18, 2)), CAST(49000.00 AS Decimal(18, 2)), CAST(49000.00 AS Decimal(18, 2)), CAST(49000.00 AS Decimal(18, 2)), CAST(49000.00 AS Decimal(18, 2)))
INSERT [Order].[OrderDetails] ([OrderDetailId], [OrderId], [ItemId], [UnitPrice], [Quantity], [Total], [SubTotal], [GrandTotal], [Tax]) VALUES (68, 33, N'0350b2d6-6348-403c-ae8a-33b39ea6a1dc', CAST(98000.00 AS Decimal(18, 2)), CAST(1.00 AS Decimal(18, 2)), CAST(98000.00 AS Decimal(18, 2)), CAST(98000.00 AS Decimal(18, 2)), CAST(98000.00 AS Decimal(18, 2)), CAST(98000.00 AS Decimal(18, 2)))
SET IDENTITY_INSERT [Order].[OrderDetails] OFF
GO
SET IDENTITY_INSERT [Order].[Orders] ON 

INSERT [Order].[Orders] ([OrderId], [OrderDate], [OrderNumber]) VALUES (1, CAST(N'2022-02-03T06:33:38.900' AS DateTime), N'03332022063338')
INSERT [Order].[Orders] ([OrderId], [OrderDate], [OrderNumber]) VALUES (2, CAST(N'2022-02-03T08:09:52.847' AS DateTime), N'03092022080952')
INSERT [Order].[Orders] ([OrderId], [OrderDate], [OrderNumber]) VALUES (3, CAST(N'2022-02-03T15:55:13.387' AS DateTime), N'03552022155513')
INSERT [Order].[Orders] ([OrderId], [OrderDate], [OrderNumber]) VALUES (4, CAST(N'2022-02-03T16:50:03.943' AS DateTime), N'03502022165003')
INSERT [Order].[Orders] ([OrderId], [OrderDate], [OrderNumber]) VALUES (5, CAST(N'2022-02-03T18:26:53.757' AS DateTime), N'03262022182653')
INSERT [Order].[Orders] ([OrderId], [OrderDate], [OrderNumber]) VALUES (6, CAST(N'2022-02-03T18:33:27.610' AS DateTime), N'03332022183327')
INSERT [Order].[Orders] ([OrderId], [OrderDate], [OrderNumber]) VALUES (7, CAST(N'2022-02-03T18:47:04.650' AS DateTime), N'03472022184704')
INSERT [Order].[Orders] ([OrderId], [OrderDate], [OrderNumber]) VALUES (8, CAST(N'2022-02-03T21:01:14.823' AS DateTime), N'03012022210114')
INSERT [Order].[Orders] ([OrderId], [OrderDate], [OrderNumber]) VALUES (9, CAST(N'2022-02-03T21:01:27.450' AS DateTime), N'03012022210127')
INSERT [Order].[Orders] ([OrderId], [OrderDate], [OrderNumber]) VALUES (10, CAST(N'2022-02-04T02:12:42.410' AS DateTime), N'04122022021242')
INSERT [Order].[Orders] ([OrderId], [OrderDate], [OrderNumber]) VALUES (11, CAST(N'2022-02-04T11:19:34.587' AS DateTime), N'04192022111934')
INSERT [Order].[Orders] ([OrderId], [OrderDate], [OrderNumber]) VALUES (12, CAST(N'2022-02-04T11:29:03.613' AS DateTime), N'04292022112903')
INSERT [Order].[Orders] ([OrderId], [OrderDate], [OrderNumber]) VALUES (13, CAST(N'2022-02-04T11:32:40.017' AS DateTime), N'04322022113240')
INSERT [Order].[Orders] ([OrderId], [OrderDate], [OrderNumber]) VALUES (14, CAST(N'2022-02-04T11:35:21.310' AS DateTime), N'04352022113521')
INSERT [Order].[Orders] ([OrderId], [OrderDate], [OrderNumber]) VALUES (15, CAST(N'2022-02-04T11:41:38.937' AS DateTime), N'04412022114138')
INSERT [Order].[Orders] ([OrderId], [OrderDate], [OrderNumber]) VALUES (16, CAST(N'2022-02-04T11:55:49.207' AS DateTime), N'04552022115549')
INSERT [Order].[Orders] ([OrderId], [OrderDate], [OrderNumber]) VALUES (17, CAST(N'2022-02-04T11:56:45.893' AS DateTime), N'04562022115645')
INSERT [Order].[Orders] ([OrderId], [OrderDate], [OrderNumber]) VALUES (18, CAST(N'2022-02-04T12:03:14.940' AS DateTime), N'04032022120314')
INSERT [Order].[Orders] ([OrderId], [OrderDate], [OrderNumber]) VALUES (19, CAST(N'2022-02-04T12:06:41.283' AS DateTime), N'04062022120641')
INSERT [Order].[Orders] ([OrderId], [OrderDate], [OrderNumber]) VALUES (20, CAST(N'2022-02-04T12:07:03.630' AS DateTime), N'04072022120703')
INSERT [Order].[Orders] ([OrderId], [OrderDate], [OrderNumber]) VALUES (21, CAST(N'2022-02-04T12:09:56.193' AS DateTime), N'04092022120956')
INSERT [Order].[Orders] ([OrderId], [OrderDate], [OrderNumber]) VALUES (22, CAST(N'2022-02-04T13:06:52.023' AS DateTime), N'04062022130652')
INSERT [Order].[Orders] ([OrderId], [OrderDate], [OrderNumber]) VALUES (23, CAST(N'2022-02-04T13:07:30.820' AS DateTime), N'04072022130730')
INSERT [Order].[Orders] ([OrderId], [OrderDate], [OrderNumber]) VALUES (24, CAST(N'2022-02-04T13:17:41.447' AS DateTime), N'04172022131741')
INSERT [Order].[Orders] ([OrderId], [OrderDate], [OrderNumber]) VALUES (25, CAST(N'2022-02-04T13:22:50.650' AS DateTime), N'04222022132250')
INSERT [Order].[Orders] ([OrderId], [OrderDate], [OrderNumber]) VALUES (26, CAST(N'2022-02-04T14:01:47.617' AS DateTime), N'04012022140147')
INSERT [Order].[Orders] ([OrderId], [OrderDate], [OrderNumber]) VALUES (27, CAST(N'2022-02-04T14:08:19.697' AS DateTime), N'04082022140819')
INSERT [Order].[Orders] ([OrderId], [OrderDate], [OrderNumber]) VALUES (28, CAST(N'2022-02-04T14:20:14.627' AS DateTime), N'04202022142014')
INSERT [Order].[Orders] ([OrderId], [OrderDate], [OrderNumber]) VALUES (29, CAST(N'2022-02-04T14:20:41.637' AS DateTime), N'04202022142041')
INSERT [Order].[Orders] ([OrderId], [OrderDate], [OrderNumber]) VALUES (30, CAST(N'2022-02-04T14:24:24.370' AS DateTime), N'04242022142424')
INSERT [Order].[Orders] ([OrderId], [OrderDate], [OrderNumber]) VALUES (31, CAST(N'2022-02-04T16:03:36.250' AS DateTime), N'04032022160336')
INSERT [Order].[Orders] ([OrderId], [OrderDate], [OrderNumber]) VALUES (32, CAST(N'2022-02-04T17:26:51.623' AS DateTime), N'04262022172651')
INSERT [Order].[Orders] ([OrderId], [OrderDate], [OrderNumber]) VALUES (33, CAST(N'2022-02-04T17:56:24.613' AS DateTime), N'04562022175624')
SET IDENTITY_INSERT [Order].[Orders] OFF
GO
